TP01001,Ali Bin Ahmad
TP01002,Chong Wei Jie
TP01003,Sita Muthu
TP01004,John Doe
TP01005,Jane Smith
TP01006,David Lee
TP01007,Sarah Tan
TP01008,Muhammad Syakir
TP01009,Nurul Huda
TP01010,Wong Kah Yan
TP01011,Lim Wei Chen
TP01012,Karthik Rajan
TP01013,Priya Sharma
TP01014,Ahmad Fazli
TP01015,Farzana Zainal
TP01016,Goh Jun Hao
TP01017,Tan Mei Ling
TP01018,Ravi Kumar
TP01019,Aisyah Humaira
TP01020,Lee Zi Zik
TP01021,Chan Ming Wei
TP01022,Ananya Patel
TP01023,Ziqri Hakim
TP01024,Nur Atiqah
TP01025,Kevin Fernandez
TP01026,Ng Pei Shan
TP01027,Arjun Singh
TP01028,Lau Kheng Hua
TP01029,Fatimah Zahra
TP01030,Syed Saddiq
TP01031,Tengku Amirul
TP01032,Chia Xin Yi
TP01033,Darren Raj
TP01034,Emily Wong
TP01035,Faizal Tahir
TP01036,Gillian Ooi
TP01037,Hafiz Suip
TP01038,Irene Cheah
TP01039,Jared Lim
TP01040,Kavitha Nair
TP01041,Luqman Hakim
TP01042,Michelle Yeoh
TP01043,Nabil Ahmad
TP01044,Ong Kim Swee
TP01045,Puteri Balqis
TP01046,Qistina Batrisyia
TP01047,Rajesh Koothrappali
TP01048,Suresh Gopi
TP01049,Tiffany Teo
TP01050,Umar Mukhtar
TP01051,Vivian Hoo
TP01052,Wafiy Ilhan
TP01053,Xavier Samuel
TP01054,Yuna Zarai
TP01055,Zizan Razak
TP01056,Adam Lee
TP01057,Bella Astillah
TP01058,Calvin Harris
TP01059,Diana Danielle
TP01060,Eason Chan
TP01061,Fasha Sandha
TP01062,Gadaffi Ismail
TP01063,Hael Husaini
TP01064,Intan Najuwa
TP01065,Janna Nick
TP01066,Khai Bahar
TP01067,Lisa Surihani
TP01068,Mira Filzah
TP01069,Nabila Razali
TP01070,Ogy Ahmad Daud
TP01071,Pekkin Ibrahim
TP01072,Que Haidar
TP01073,Remy Ishak
TP01074,Siti Nurhaliza
TP01075,Tiz Zaqyah
TP01076,Uqasha Senrose
TP01077,Vince Chong
TP01078,Wany Hasrita
TP01079,Xander Zheng
TP01080,Yusry Abdul Halim
TP01081,Zahirah MacWilson
TP01082,Aiman Tino
TP01083,Bront Palarae
TP01084,Chew Kin Wah
TP01085,Dafi Ismail
TP01086,Erra Fazira
TP01087,Fattah Amin
TP01088,Gino Kee
TP01089,Hairul Azreen
TP01090,Izzue Islam
TP01091,Johan Raja Lawak
TP01092,Kamal Adli
TP01093,Liyana Jasmay
TP01094,Maya Karin
TP01095,Nelydia Senrose
TP01096,Othman Hafsham
TP01097,Pierre Andre
TP01098,Qushairi Razali
TP01099,Rosyam Nor
TP01100,Shaheizy Sam